,Trash  recycling  bulky items leaf and brush collection,Enforcing the clean-up of trash and debris on private property,Overall quality of trash collection services,Overall quality of curbside recycling services,Overall quality of recycling drop-off centers,Overall quality of bulky item pick-up services,Overall quality of leaf and brush pick-up services,Overall quality of leaf and brush drop-off services,City efforts to clean-up illegal dumping sites
district 1,3.775609756,2.575609756,3.892682927,4.141463415,5.243902439,4.307317073,4.302439024,5.434146341,4.043902439
district 2,3.819512195,2.863414634,3.775609756,3.853658537,5.117073171,4.136585366,4.141463415,5.32195122,3.956097561
district 3,4.15920398,3.164179104,3.990049751,4.154228856,5.28358209,4.800995025,4.965174129,5.646766169,4.368159204
district 4,3.846534653,3.168316832,3.717821782,3.856435644,5.059405941,4.202970297,4.400990099,5.574257426,4.420792079
district 5,4.405198777,3.706422018,3.316513761,4.004587156,4.087155963,5.495412844,4.344036697,4.371559633,5.894495413
district 6,3.965517241,3.467980296,4.128078818,4.266009852,6.330049261,5.21182266,4.689655172,6.610837438,5.650246305
